Mean_Obj,Obj_std,Best_Obj,Mean_iter_num,Mean_same_num,Mean_insert_weight,Mean_remove_weight,Mean_init_obj,Mean_Time
1.6974849527890548,0.04204789415753716,1.7346938775510203,18326.4,10001.0,"[7.353918797808473, 7.230928771431863, 7.3562836256880555, 7.434399353862538, 8.227527163493033, 7.309748643836777]","[8.044915171591743, 7.02543472775835, 7.622109046536363, 7.270601292714749, 7.658033829938167]",0.6857142857142857,191.63668675422667
