Mean_Obj,Obj_std,Best_Obj,Mean_iter_num,Mean_same_num,Mean_insert_weight,Mean_remove_weight,Mean_init_obj,Mean_Time
0.9223982342803186,0.03143528341192264,0.9813664596273292,15817.2,10001.0,"[7.412785589321068, 7.267918780077613, 7.566064680415723, 7.450661286291485, 8.216975430836857, 7.721405009906293]","[7.934756208350665, 6.970504728119356, 7.433554538146012, 7.6018451529947955, 8.070060455933566]",0.3735408560311284,113.4845983505249
