mean_optimal_obj,mean_iter_num,mean_same_num,mean_insert_weight,mean_remove_weight,mean_init_obj,mean_All_Time,obj_std,best_obj,worst_obj,mean_improvement,init_obj_std,init_best_obj,init_worst_obj,obj_list,init_obj_list,mean_truck_load,mean_truck_time,mean_drone_load,mean_drone_time,mean_drone_load_full,mean_drone_used,truck_load_list,truck_time_list,sol
2.9270148353281247,2165.2,1001.0,"[7.5554159256557485, 7.42697946214456, 7.118264046390126, 7.000943049360271, 8.588686459705437, 8.502413900477924]","[8.123424954302411, 7.277473788535093, 7.795459618183432, 7.2536099322855065, 8.016185775460531]",1.320754716981132,2056.025940656662,0.2024701203436175,3.3009708737864076,2.6956521739130435,1.216168375319866,0.0,1.320754716981132,1.320754716981132,[3.30097087 2.93577982 2.84552846 2.69565217 2.85714286],[1.32075472 1.32075472 1.32075472 1.32075472 1.32075472],766.0,106.77583333333334,88.0,56.918001998002,108.8,1.1333333333333333,"[60, 50, 70, 70, 70, 60, 60, 60, 70, 60, 70, 60, 60, 70, 80, 60, 80, 50, 70, 60]","[101.0, 101.0, 98.0, 103.0, 99.0, 107.0, 108.0, 109.0, 121.0, 122.0, 121.0, 123.0, 115.0, 114.0, 111.0, 108.0, 119.0, 100.0, 116.0, 112.0]","[[[0, 7, 5, 1, 4, 3, 8, 51], [0, 24, 23, 20, 22, 51], [0, 11, 9, 6, 2, 51], [0, 40, 42, 46, 51]], array([[list([[0, 28, 3], [8, 10, 51]]), list([]), list([])],
       [list([[0, 21, 22], [22, 25, 51]]),
        list([[0, 21, 22], [22, 25, 51]]), list([[22, 21, 51]])],
       [list([[11, 28, 51], [0, 10, 11]]), list([[11, 28, 51]]),
        list([])],
       [list([[0, 25, 42]]), list([[0, 25, 42]]), list([[0, 25, 42]])]],
      dtype=object)]"
