mean_optimal_obj,mean_iter_num,mean_same_num,mean_insert_weight,mean_remove_weight,mean_init_obj,mean_All_Time,obj_std,best_obj,worst_obj,mean_improvement,init_obj_std,init_best_obj,init_worst_obj,obj_list,init_obj_list,solution
3.6429522982230393,1492.2,1001.0,"[7.395314353587262, 7.370738345571271, 6.719716561031753, 6.685201254029169, 8.467993716150882, 8.554073086487941]","[7.832768211636731, 7.143750562849542, 7.854945202534305, 7.024312007355633, 8.023238778402433]",1.32,7632.137947130203,0.07854544063282268,3.7362637362637363,3.5051546391752577,1.759812347138666,0.0,1.32,1.32,[3.73626374 3.67816092 3.50515464 3.67816092 3.61702128],[1.32 1.32 1.32 1.32 1.32],"[[[[0, 63, 65, 101], [0, 75, 2, 1, 101], [0, 74, 62, 101], [0, 25, 21, 101]], array([[list([[0, 85, 101]]), list([[0, 85, 101]]), list([[0, 85, 101]])],
       [list([[0, 88, 101]]), list([[0, 88, 101]]), list([[0, 88, 101]])],
       [list([[0, 46, 101]]), list([[0, 88, 101]]), list([[0, 85, 101]])],
       [list([[0, 46, 101]]), list([[0, 46, 101]]), list([[0, 46, 101]])]],
      dtype=object)], {(3, 0, 46): 8, (3, 1, 46): 8, (3, 2, 46): 8, (2, 0, 46): 6, (1, 0, 88): 8, (1, 1, 88): 8, (1, 2, 88): 8, (2, 1, 88): 6, (2, 2, 85): 8, (0, 0, 85): 8, (0, 1, 85): 8, (0, 2, 85): 6}]"
