mean_optimal_obj,mean_iter_num,mean_same_num,mean_insert_weight,mean_remove_weight,mean_init_obj,mean_All_Time,obj_std,best_obj,worst_obj,mean_improvement,init_obj_std,init_best_obj,init_worst_obj,obj_list,init_obj_list,solution
3.454348172835568,2420.6,1001.0,"[7.594146296521734, 7.4678579953606175, 6.793467542501588, 6.847454165200827, 8.40982840967181, 8.195837753601726]","[8.036846404822588, 7.186516146142518, 7.600454630611653, 7.033843256549344, 7.975844825386616]",1.083916083916084,5236.026233243942,0.20286742815293568,3.673469387755102,3.163265306122449,2.186914765906363,0.0,1.083916083916084,1.083916083916084,[3.16326531 3.26923077 3.52941176 3.67346939 3.63636364],[1.08391608 1.08391608 1.08391608 1.08391608 1.08391608],"[[[[0, 65, 63, 71], [0, 25, 71], [0, 20, 22, 21, 71], [0, 5, 71]], array([[list([[0, 46, 71]]), list([[0, 46, 71]]), list([[0, 6, 71]])],
       [list([[0, 6, 71]]), list([[0, 6, 71]]), list([])],
       [list([[0, 2, 71]]), list([[0, 2, 71]]), list([[0, 2, 71]])],
       [list([[0, 2, 71]]), list([[0, 46, 71]]), list([[0, 46, 71]])]],
      dtype=object)], {(2, 0, 2): 8, (2, 1, 2): 8, (2, 2, 2): 8, (3, 0, 2): 6, (3, 1, 46): 8, (3, 2, 46): 8, (0, 0, 46): 8, (0, 1, 46): 6, (0, 2, 6): 8, (1, 0, 6): 8, (1, 1, 6): 4}]"
