Mean_Obj,Obj_std,Best_Obj,Mean_iter_num,Mean_same_num,Mean_insert_weight,Mean_remove_weight,Mean_init_obj,Mean_Time
1.7400614241985761,0.008450261652032338,1.7525773195876289,14754.0,10001.0,"[7.3959180060001, 7.382589846402405, 7.3349833731185, 7.541579877924134, 8.385460152589967, 7.633160927571962]","[8.13848983110843, 7.449161198479231, 7.4746339551939105, 7.301982804131043, 7.807572366656157]",0.8,539.6422509670258
