mean_optimal_obj,mean_iter_num,mean_same_num,mean_insert_weight,mean_remove_weight,mean_init_obj,mean_All_Time,obj_std,best_obj,worst_obj,mean_improvement,init_obj_std,init_best_obj,init_worst_obj,obj_list,init_obj_list
2.3375733856119423,1357.0,1001.0,"[7.193131431776186, 6.997889267324335, 7.140882734324762, 7.01677015353903, 7.766733381245754, 7.659007996147892]","[7.585219125411221, 7.050897683573356, 7.222211620309798, 7.123124006572938, 7.599853201355512]",1.320754716981132,529.6155608177185,0.197999352859705,2.5531914893617023,1.978021978021978,0.7698769919633278,0.0,1.320754716981132,1.320754716981132,[1.97802198 2.41610738 2.55319149 2.29299363 2.44755245],[1.32075472 1.32075472 1.32075472 1.32075472 1.32075472]
