mean_optimal_obj,mean_iter_num,mean_same_num,mean_insert_weight,mean_remove_weight,mean_init_obj,mean_All_Time,obj_std,best_obj,worst_obj,mean_improvement,init_obj_std,init_best_obj,init_worst_obj,obj_list,init_obj_list,mean_truck_load,mean_truck_time,mean_drone_load,mean_drone_time,mean_drone_load_full,mean_drone_used,truck_load_list,truck_time_list,sol
2.2625292411264195,2260.0,1001.0,"[7.231738615620989, 7.0454071464479595, 7.356819653663474, 7.228964272275553, 8.61128523180399, 8.502254376270752]","[8.258565591153893, 7.050922475176241, 7.821729060632052, 7.090368895249829, 8.01207202014277]",0.9965635738831615,1606.472713470459,0.08372152131947198,2.3529411764705883,2.1052631578947367,1.270331066095821,0.0,0.9965635738831615,0.9965635738831615,[2.2972973  2.26415094 2.10526316 2.29299363 2.35294118],[0.99656357 0.99656357 0.99656357 0.99656357 0.99656357],848.0,149.37416666666667,74.0,73.30371040723982,92.8,0.9666666666666666,"[70, 70, 60, 60, 70, 70, 90, 50, 90, 80, 80, 80, 70, 90, 50, 80, 50, 80, 50, 70]","[136.0, 147.0, 148.0, 140.0, 159.0, 139.0, 144.0, 152.0, 171.0, 162.0, 168.0, 171.0, 157.0, 148.0, 156.0, 155.0, 149.0, 151.0, 153.0, 136.0]","[[[0, 21, 32, 51], [0, 33, 6, 22, 51], [0, 9, 15, 51], [0, 25, 13, 51]], array([[list([[0, 38, 32], [32, 31, 51]]),
        list([[0, 38, 32], [32, 31, 51]]),
        list([[0, 38, 32], [32, 31, 51]])],
       [list([[0, 38, 6]]), list([[0, 38, 6]]), list([])],
       [list([[0, 8, 15], [15, 12, 51]]),
        list([[0, 8, 15], [15, 12, 51]]),
        list([[0, 8, 15], [15, 12, 51]])],
       [list([[0, 7, 51]]), list([[0, 7, 51]]), list([[0, 7, 51]])]],
      dtype=object)]"
