Mean_Obj,Obj_std,Best_Obj,Mean_iter_num,Mean_same_num,Mean_insert_weight,Mean_remove_weight,Mean_init_obj,Mean_Time
1.2627064173717428,0.02334704275882119,1.2949640287769784,15773.0,10001.0,"[6.997570936893117, 6.8675678052863605, 7.078178681504428, 7.224961173196287, 7.990037805483017, 7.7123895504777895]","[7.750328407715484, 7.203987126859943, 7.080820401177299, 7.094895954572687, 7.591248824553903]",0.8,374.0071246623993
