Mean_Obj,Obj_std,Best_Obj,Mean_iter_num,Mean_same_num,Mean_insert_weight,Mean_remove_weight,Mean_init_obj,Mean_Time
1.2282306282110542,0.02209342114833727,1.2587412587412588,16492.4,8891.4,"[7.121654139548681, 6.874823267047193, 7.002560134231397, 7.077339736489451, 7.850812699862734, 7.3857039531746285]","[7.713866133422431, 6.84169024373837, 7.1827312806246315, 7.0993539943965915, 7.331456529009958]",0.6382978723404256,155.39884762763978
