Mean_Obj,Obj_std,Best_Obj,Mean_iter_num,Mean_same_num,Mean_insert_weight,Mean_remove_weight,Mean_init_obj,Mean_Time
0.8791208791208792,1.1102230246251565e-16,0.8888888888888888,10450.8,10001.0,"[7.105922664965175, 7.12569999021085, 6.747524564096572, 6.626195957069093, 7.727266652189181, 7.669917889867972]","[7.474989996198113, 6.939305318617576, 7.019275165884819, 7.0269106967448876, 7.456490257776982]",0.6060606060606061,26.970821475982667
