mean_optimal_obj,mean_iter_num,mean_same_num,mean_insert_weight,mean_remove_weight,mean_init_obj,mean_All_Time,obj_std,best_obj,worst_obj,mean_improvement,init_obj_std,init_best_obj,init_worst_obj,obj_list,init_obj_list
1.9198903161139647,1525.2,1001.0,"[7.075045671671309, 7.00643262621543, 7.1136930349454675, 7.170285203857992, 7.550674999994312, 7.630897603462595]","[7.646241237251189, 7.109480045758053, 7.023909678653473, 7.094338822696971, 7.416998544417169]",0.9965635738831615,701.6021751880646,0.20419109825772822,2.25,1.7391304347826086,0.9265106275488404,0.0,0.9965635738831615,0.9965635738831615,[1.73913043 1.77664975 2.25       2.06896552 1.76470588],[0.99656357 0.99656357 0.99656357 0.99656357 0.99656357]
