mean_optimal_obj,mean_iter_num,mean_same_num,mean_insert_weight,mean_remove_weight,mean_init_obj,mean_All_Time,obj_std,best_obj,worst_obj,mean_improvement,init_obj_std,init_best_obj,init_worst_obj,obj_list,init_obj_list,mean_truck_load,mean_truck_time,mean_drone_load,mean_drone_time,mean_drone_load_full,mean_drone_used,truck_load_list,truck_time_list,sol
1.5728643216080402,2270.0,1001.0,"[6.923296310050212, 7.208704427021283, 8.401342865754657, 7.394639538829844, 8.854709650200508, 8.748014466466728]","[8.373780150228692, 7.152618449497842, 8.004649116691683, 7.1755284480931865, 8.31477175858452]",0.7492163009404389,734.0571384429932,0.0,1.5728643216080402,1.5728643216080402,1.0993461028994345,0.0,0.7492163009404389,0.7492163009404389,[1.57286432],[0.7492163],248.0,190.75,111.0,63.64705882352941,136.0,1.4166666666666667,"[54, 79, 55, 60]","[199.0, 176.0, 189.0, 199.0]","[[[0, 5, 37, 14, 51], [0, 4, 23, 39, 51], [0, 11, 19, 10, 1, 51], [0, 8, 18, 40, 2, 13, 51]], array([[list([[5, 30, 51], [0, 31, 5]]), list([[5, 30, 51], [0, 12, 5]]),
        list([[5, 15, 14]])],
       [list([[0, 12, 4]]), list([[0, 12, 4]]), list([])],
       [list([[0, 48, 19], [10, 30, 1], [19, 31, 51]]),
        list([[0, 48, 19]]), list([[0, 48, 19]])],
       [list([[0, 48, 18], [18, 31, 13]]),
        list([[0, 48, 18], [18, 31, 13]]), list([[0, 31, 18]])]],
      dtype=object)]"
