Mean_Obj,Obj_std,Best_Obj,Mean_iter_num,Mean_same_num,Mean_insert_weight,Mean_remove_weight,Mean_init_obj,Mean_Time
0.5969908814589666,0.006709102505524408,0.6063829787234043,14002.6,10001.0,"[7.254524752807832, 7.097553266093475, 7.132124479716192, 7.113802993961881, 8.103388981295788, 7.620484768082934]","[7.779000003561928, 7.175631782993949, 7.180526940725462, 7.095817493141591, 7.613632915453574]",0.3645320197044335,39.30331039428711
