mean_optimal_obj,mean_iter_num,mean_same_num,mean_insert_weight,mean_remove_weight,mean_init_obj,mean_All_Time,obj_std,best_obj,worst_obj,mean_improvement,init_obj_std,init_best_obj,init_worst_obj,obj_list,init_obj_list,mean_truck_load,mean_truck_time,mean_drone_load,mean_drone_time,mean_drone_load_full,mean_drone_used,truck_load_list,truck_time_list,sol
1.825835090990788,1379.4,1001.0,"[7.295115492499387, 6.976815088392028, 7.840444443484732, 7.830297915579689, 8.783361653269976, 8.336696351914338]","[8.537844881917463, 7.198919101556522, 7.7517423959455956, 7.270486088666573, 8.504095033363422]",0.7492163009404389,885.6803223133087,0.21694704857658606,2.0963855421686746,1.5450643776824033,1.4369932804437713,0.0,0.7492163009404389,0.7492163009404389,[1.54506438 2.04938272 1.64646465 2.09638554 1.79187817],[0.7492163 0.7492163 0.7492163 0.7492163 0.7492163],750.6,198.11333333333332,99.0,67.04441183171834,131.2,1.3666666666666667,"[60, 46, 71, 66, 54, 64, 50, 90, 70, 35, 44, 80, 83, 49, 60, 90, 78, 72, 57, 48]","[225.0, 233.0, 221.0, 233.0, 159.0, 162.0, 157.0, 162.0, 192.0, 196.0, 198.0, 195.0, 165.0, 162.0, 166.0, 162.0, 196.0, 197.0, 173.0, 194.0]","[[[0, 48, 49, 11, 51], [0, 26, 3, 12, 1, 50, 51], [0, 27, 21, 2, 13, 51], [0, 6, 5, 16, 51]], array([[list([[0, 31, 48]]), list([[0, 31, 48]]), list([])],
       [list([[12, 39, 51], [0, 31, 3]]),
        list([[0, 18, 3], [12, 7, 51]]), list([])],
       [list([[27, 40, 21], [0, 39, 2], [2, 18, 51]]),
        list([[0, 39, 21]]), list([[0, 39, 21]])],
       [list([[0, 40, 5], [5, 31, 51]]),
        list([[6, 28, 5], [5, 17, 16], [0, 31, 51]]),
        list([[0, 28, 6], [6, 18, 5], [5, 46, 51]])]], dtype=object)]"
