mean_optimal_obj,mean_iter_num,mean_same_num,mean_insert_weight,mean_remove_weight,mean_init_obj,mean_All_Time,obj_std,best_obj,worst_obj,mean_improvement,init_obj_std,init_best_obj,init_worst_obj,obj_list,init_obj_list
1.4296503455653828,1145.8,1001.0,"[7.064176775448274, 6.952244308655523, 7.287469467581175, 7.382485592250366, 7.893398054976861, 7.551068985041444]","[7.556456338632448, 7.339707589607867, 6.912977947000056, 7.120549156598014, 7.733412657145442]",0.7492163009404389,269.894549036026,0.2230224755152939,1.868421052631579,1.2464788732394365,0.9081943942901971,0.0,0.7492163009404389,0.7492163009404389,[1.32209738 1.24647887 1.36259542 1.86842105 1.348659  ],[0.7492163 0.7492163 0.7492163 0.7492163 0.7492163]
