Mean_Obj,Obj_std,Best_Obj,Mean_iter_num,Mean_same_num,Mean_insert_weight,Mean_remove_weight,Mean_init_obj,Mean_Time
0.9150638177130167,0.02562960129690978,0.9565217391304348,16440.4,10001.0,"[7.174983921525586, 7.106278958274082, 7.501081476657089, 7.367138370640651, 8.337192960752096, 7.718377767639943]","[7.878829548383402, 7.111430154921732, 7.4422277649678374, 7.299378354690508, 7.954309233793481]",0.34494773519163763,289.6555018424988
