mean_optimal_obj,mean_iter_num,mean_same_num,mean_insert_weight,mean_remove_weight,mean_init_obj,mean_All_Time,obj_std,best_obj,worst_obj,mean_improvement,init_obj_std,init_best_obj,init_worst_obj,obj_list,init_obj_list,solution
2.770406871748962,1858.0,1001.0,"[7.47198908481918, 6.956424435635893, 7.495092215437604, 7.685583065269651, 8.940223876262941, 8.32531396473799]","[8.51612358720663, 7.105611819548886, 7.881670973653826, 7.202473541446049, 8.493616357370888]",0.9838709677419356,2703.2585224628447,0.3973711005597188,3.135135135135135,2.114864864864865,1.815823377843207,1.1102230246251565e-16,0.9838709677419355,0.9838709677419355,[2.11486486 3.11764706 2.51351351 3.13513514 2.97087379],[0.98387097 0.98387097 0.98387097 0.98387097 0.98387097],"[[[[0, 28, 69, 31, 27, 81], [0, 12, 80, 68, 81], [0, 53, 58, 13, 59, 81], [0, 18, 5, 81]], array([[list([[0, 48, 27]]), list([[0, 48, 27]]), list([[0, 48, 27]])],
       [list([[0, 79, 68]]), list([[0, 79, 68]]), list([[0, 79, 68]])],
       [list([[0, 48, 81]]), list([[0, 16, 81]]), list([])],
       [list([[0, 48, 81]]), list([[0, 16, 81]]), list([[0, 16, 81]])]],
      dtype=object)], {(0, 0, 48): 8, (0, 1, 48): 8, (0, 2, 48): 8, (3, 0, 48): 8, (2, 0, 48): 4, (1, 0, 79): 8, (1, 1, 79): 8, (1, 2, 79): 7, (2, 1, 16): 3, (3, 1, 16): 8, (3, 2, 16): 8}]"
