mean_optimal_obj,mean_iter_num,mean_same_num,mean_insert_weight,mean_remove_weight,mean_init_obj,mean_All_Time,obj_std,best_obj,worst_obj,mean_improvement,init_obj_std,init_best_obj,init_worst_obj,obj_list,init_obj_list,mean_truck_load,mean_truck_time,mean_drone_load,mean_drone_time,mean_drone_load_full,mean_drone_used,truck_load_list,truck_time_list,sol
2.04781862205591,1335.4,1001.0,"[6.796620995333439, 7.010584711083065, 7.1597452415719065, 7.337558421391608, 8.871054384960136, 8.381323946883162]","[8.347160546639808, 7.238741896313213, 7.424998692201626, 6.947556693465165, 8.110501410749176]",0.9797297297297296,1512.9905191898347,0.008704431754517114,2.057142857142857,2.0338983050847457,1.0901872832018944,1.1102230246251565e-16,0.9797297297297297,0.9797297297297297,[2.05714286 2.05714286 2.04545455 2.03389831 2.04545455],[0.97972973 0.97972973 0.97972973 0.97972973 0.97972973],864.0,168.6925,76.0,76.11516483516485,94.4,0.9833333333333332,"[80, 70, 50, 70, 90, 90, 80, 80, 50, 90, 70, 50, 60, 70, 80, 70, 50, 60, 70, 90]","[171.0, 175.0, 166.0, 160.0, 173.0, 156.0, 175.0, 169.0, 170.0, 162.0, 176.0, 172.0, 177.0, 176.0, 177.0, 152.0, 162.0, 176.0, 167.0, 176.0]","[[[0, 6, 2, 51], [0, 12, 14, 17, 47, 51], [0, 11, 13, 9, 51], [0, 22, 20, 19, 51]], array([[list([[0, 1, 6], [6, 5, 51]]), list([[0, 1, 6], [6, 5, 51]]),
        list([[0, 1, 6], [6, 5, 51]])],
       [list([[12, 15, 51], [0, 10, 12]]),
        list([[0, 15, 14], [17, 10, 51]]), list([])],
       [list([[13, 15, 51], [0, 10, 11]]), list([[0, 10, 11]]), list([])],
       [list([]), list([]), list([])]], dtype=object)]"
