Mean_Obj,Obj_std,Best_Obj,Mean_iter_num,Mean_same_num,Mean_insert_weight,Mean_remove_weight,Mean_init_obj,Mean_Time
1.1873475078424538,0.003842002036432403,1.1920529801324504,13823.8,10001.0,"[6.904504349352644, 6.8347590680838834, 7.275530387562929, 7.189787399449914, 7.997483645605418, 7.491158543038859]","[7.649341895226192, 7.1099185023029605, 6.935453697635734, 7.047943131799604, 7.671029019455102]",0.9210526315789472,141.51552352905273
