Mean_Obj,Obj_std,Best_Obj,Mean_iter_num,Mean_same_num,Mean_insert_weight,Mean_remove_weight,Mean_init_obj,Mean_Time
1.201632072536557,0.005992673981850423,1.2080536912751678,15018.0,10001.0,"[6.838328508795544, 6.743614102316283, 7.34525169626472, 7.2798210415047135, 7.918643607437025, 7.587825927568102]","[7.837973443895199, 6.8836758732126615, 6.982229744190043, 6.979757487773213, 7.672265491078517]",0.6097560975609756,349.3009369850159
