mean_optimal_obj,mean_iter_num,mean_same_num,mean_insert_weight,mean_remove_weight,mean_init_obj,mean_All_Time,obj_std,best_obj,worst_obj,mean_improvement,init_obj_std,init_best_obj,init_worst_obj,obj_list,init_obj_list,solution
2.613710178710179,2092.2,1001.0,"[7.324982815730449, 7.133540370256855, 7.592573692229761, 7.185058837636551, 8.831645535108624, 7.976036896747997]","[8.458302769703595, 7.168333540454649, 7.649519012172862, 7.021866462939289, 8.192072527088119]",0.9137380191693291,3230.3997774600984,0.12682013632556943,2.7676767676767677,2.4711538461538463,1.8604590417352656,0.0,0.9137380191693291,0.9137380191693291,[2.76767677 2.61818182 2.74038462 2.47115385 2.47115385],[0.91373802 0.91373802 0.91373802 0.91373802 0.91373802],"[[[[0, 70, 69, 91], [0, 88, 55, 68, 91], [0, 66, 64, 56, 91], [0, 80, 81, 54, 91]], array([[list([[0, 2, 91]]), list([[0, 2, 91]]), list([[0, 2, 91]])],
       [list([[0, 2, 91]]), list([[0, 10, 91]]), list([[0, 10, 91]])],
       [list([[0, 10, 91]]), list([[0, 10, 91]]), list([[0, 86, 91]])],
       [list([[0, 86, 91]]), list([[0, 86, 91]]), list([[0, 86, 91]])]],
      dtype=object)], {(0, 0, 2): 8, (0, 1, 2): 8, (0, 2, 2): 8, (1, 0, 2): 6, (1, 1, 10): 8, (1, 2, 10): 8, (2, 0, 10): 8, (2, 1, 10): 6, (2, 2, 86): 8, (3, 0, 86): 8, (3, 1, 86): 8, (3, 2, 86): 4}]"
