Mean_Obj,Obj_std,Best_Obj,Mean_iter_num,Mean_same_num,Mean_insert_weight,Mean_remove_weight,Mean_init_obj,Mean_Time
0.5326269315673289,0.0014128035320088103,0.5333333333333333,11980.6,10001.0,"[7.322863100152562, 6.952680143249455, 6.209062129606056, 6.235717191595439, 7.282358004077065, 7.32114193207576]","[6.788987768261346, 6.887520601885882, 7.00317977175896, 6.801662675446265, 7.030404979832217]",0.47619047619047616,25.21902847290039
