mean_optimal_obj,mean_iter_num,mean_same_num,mean_insert_weight,mean_remove_weight,mean_init_obj,mean_All_Time,obj_std,best_obj,worst_obj,mean_improvement,init_obj_std,init_best_obj,init_worst_obj,obj_list,init_obj_list,solution
3.5557502410931363,1524.8,1001.0,"[7.318646902050817, 7.142083836860512, 6.618796930002825, 6.730050568251604, 8.430578290326087, 8.439982169966196]","[7.904345966872168, 7.214627606279429, 7.4920092855708305, 6.949525181046343, 7.956878913846777]",1.32,4966.608621549606,0.08949196404702833,3.6956521739130435,3.4343434343434343,1.693750182646315,0.0,1.32,1.32,[3.50515464 3.43434343 3.60824742 3.69565217 3.53535354],[1.32 1.32 1.32 1.32 1.32],"[[[[0, 25, 20, 21, 81], [0, 63, 81], [0, 2, 1, 75, 81], [0, 5, 3, 4, 8, 7, 81]], array([[list([[0, 13, 81]]), list([[0, 13, 81]]), list([[0, 62, 81]])],
       [list([[0, 74, 63], [63, 62, 81]]),
        list([[0, 74, 63], [63, 62, 81]]), list([[0, 74, 63]])],
       [list([[0, 74, 81]]), list([[0, 74, 81]]), list([[0, 74, 81]])],
       [list([[0, 74, 81]]), list([[0, 13, 81]]), list([[0, 13, 81]])]],
      dtype=object)], {(1, 0, 74): 8, (1, 1, 74): 8, (1, 2, 74): 8, (2, 0, 74): 8, (2, 1, 74): 8, (2, 2, 74): 8, (3, 0, 74): 2, (3, 1, 13): 8, (3, 2, 13): 8, (0, 0, 13): 8, (0, 1, 13): 6, (1, 0, 62): 8, (1, 1, 62): 8, (0, 2, 62): 4}]"
