mean_optimal_obj,mean_iter_num,mean_same_num,mean_insert_weight,mean_remove_weight,mean_init_obj,mean_All_Time,obj_std,best_obj,worst_obj,mean_improvement,init_obj_std,init_best_obj,init_worst_obj,obj_list,init_obj_list,solution
3.4043604062382458,1502.8,1001.0,"[7.2985996106399655, 7.141428884685203, 7.084209232346561, 6.961965978411575, 8.57750197146824, 8.434272544100008]","[8.113439552892638, 7.049619952460392, 7.8212577999880555, 6.96355601544836, 8.031280050277413]",1.2955465587044535,3047.2481550216676,0.0870027011424829,3.5,3.2710280373831777,1.6277406885651458,0.0,1.2955465587044535,1.2955465587044535,[3.36842105 3.38235294 3.27102804 3.5        3.5       ],[1.29554656 1.29554656 1.29554656 1.29554656 1.29554656],"[[[[0, 5, 75, 2, 81], [0, 8, 20, 22, 21, 81], [0, 62, 63, 81], [0, 67, 66, 74, 81]], array([[list([[0, 25, 81]]), list([[0, 25, 81]]), list([[0, 25, 81]])],
       [list([[0, 25, 22]]), list([[0, 25, 22]]), list([[0, 49, 81]])],
       [list([[0, 46, 81]]), list([[0, 46, 81]]), list([[0, 46, 81]])],
       [list([[0, 46, 81]]), list([[0, 46, 81]]), list([[0, 49, 81]])]],
      dtype=object)], {(0, 0, 25): 8, (0, 1, 25): 8, (0, 2, 25): 8, (1, 0, 25): 8, (1, 1, 25): 8, (2, 0, 46): 8, (2, 1, 46): 8, (2, 2, 46): 4, (3, 0, 46): 8, (3, 1, 46): 2, (3, 2, 49): 8, (1, 2, 49): 2}]"
