mean_optimal_obj,mean_iter_num,mean_same_num,mean_insert_weight,mean_remove_weight,mean_init_obj,mean_All_Time,obj_std,best_obj,worst_obj,mean_improvement,init_obj_std,init_best_obj,init_worst_obj,obj_list,init_obj_list,solution
1.901034661660319,1251.8,1001.0,"[7.204827447221936, 7.019220816765729, 7.904532298578775, 7.613535586742292, 8.891889979083075, 8.14220959322991]","[8.514547060421533, 7.1790060711555, 7.862498151550254, 7.119411834684212, 8.414782809453646]",0.8096885813148788,717.5613831043244,0.12273364160166787,2.08187134502924,1.766839378238342,1.3478590479480013,1.1102230246251565e-16,0.8096885813148789,0.8096885813148789,[1.88690476 1.7755102  2.08187135 1.76683938 1.99404762],[0.80968858 0.80968858 0.80968858 0.80968858 0.80968858],"[[[[0, 53, 4, 39, 61], [0, 31, 18, 59, 61], [0, 27, 52, 7, 47, 8, 61], [0, 58, 23, 61]], array([[list([[0, 48, 61]]), list([[0, 48, 61]]),
        list([[0, 28, 53], [53, 17, 61]])],
       [list([[0, 13, 61]]), list([[0, 13, 61]]), list([[0, 12, 61]])],
       [list([[0, 48, 61]]), list([[0, 48, 61]]), list([[0, 48, 61]])],
       [list([[0, 2, 23], [23, 13, 61]]),
        list([[0, 12, 23], [23, 28, 61]]),
        list([[0, 12, 23], [23, 56, 61]])]], dtype=object)], {(3, 0, 2): 7, (1, 0, 13): 8, (3, 0, 13): 8, (1, 1, 13): 7, (3, 1, 12): 8, (1, 2, 12): 8, (3, 2, 12): 3, (0, 0, 48): 8, (0, 1, 48): 8, (2, 0, 48): 8, (2, 1, 48): 8, (2, 2, 48): 4, (3, 2, 56): 6, (3, 1, 28): 8, (0, 2, 28): 8, (0, 2, 17): 2}]"
