mean_optimal_obj,mean_iter_num,mean_same_num,mean_insert_weight,mean_remove_weight,mean_init_obj,mean_All_Time,obj_std,best_obj,worst_obj,mean_improvement,init_obj_std,init_best_obj,init_worst_obj,obj_list,init_obj_list,solution
2.765299515189505,1921.2,1001.0,"[7.198924562500224, 7.023638157955371, 7.939166936040121, 7.785752746253225, 8.89669422182423, 8.036666328797775]","[8.522955542852253, 7.032339282358743, 7.879661240179113, 7.084059089111908, 8.57047575666362]",0.9838709677419356,1610.825491476059,0.3601933696063692,3.440677966101695,2.493827160493827,1.8106322941270376,1.1102230246251565e-16,0.9838709677419355,0.9838709677419355,[2.5078125  2.49382716 3.44067797 2.83673469 2.54744526],[0.98387097 0.98387097 0.98387097 0.98387097 0.98387097],"[[[[0, 27, 1, 31, 28, 71], [0, 26, 58, 37, 13, 71], [0, 53, 12, 68, 71], [0, 52, 18, 5, 61, 71]], array([[list([[0, 48, 71]]), list([[0, 48, 71]]), list([[0, 48, 71]])],
       [list([[0, 48, 71]]), list([[0, 48, 71]]), list([[0, 59, 13]])],
       [list([[0, 30, 71]]), list([[0, 30, 71]]), list([[0, 30, 71]])],
       [list([[0, 59, 71]]), list([[0, 59, 71]]), list([[0, 59, 71]])]],
      dtype=object)], {(0, 0, 48): 8, (1, 0, 48): 8, (0, 1, 48): 8, (1, 1, 48): 8, (0, 2, 48): 4, (1, 2, 59): 8, (3, 0, 59): 8, (3, 1, 59): 8, (3, 2, 59): 4, (2, 0, 30): 8, (2, 1, 30): 8, (2, 2, 30): 5}]"
