mean_optimal_obj,mean_iter_num,mean_same_num,mean_insert_weight,mean_remove_weight,mean_init_obj,mean_All_Time,obj_std,best_obj,worst_obj,mean_improvement,init_obj_std,init_best_obj,init_worst_obj,obj_list,init_obj_list,solution
2.237782705099778,1967.8,1001.0,"[7.131799111734959, 7.011453226380633, 7.588760541451239, 7.675164459263129, 9.061161668857988, 8.027274654940346]","[8.410544410777147, 7.133531897364483, 7.829667816808035, 7.0803210372037295, 8.36459055501856]",0.8461538461538461,3163.9983066082,0.18998182501822805,2.5142857142857142,2.0064935064935066,1.644652287845192,0.0,0.8461538461538461,0.8461538461538461,[2.51428571 2.4        2.0974026  2.17073171 2.00649351],[0.84615385 0.84615385 0.84615385 0.84615385 0.84615385],"[[[[0, 53, 10, 11, 71], [0, 4, 55, 71], [0, 69, 12, 65, 71], [0, 64, 22, 71]], array([[list([[0, 57, 71]]), list([]), list([[0, 54, 71]])],
       [list([[0, 70, 71]]), list([[0, 70, 71]]), list([[0, 70, 71]])],
       [list([[0, 56, 71]]), list([[0, 56, 71]]), list([[0, 56, 71]])],
       [list([[0, 57, 22], [22, 52, 71]]), list([[0, 57, 22]]),
        list([[0, 54, 71]])]], dtype=object)], {(1, 0, 70): 8, (1, 1, 70): 8, (1, 2, 70): 7, (2, 0, 56): 8, (2, 1, 56): 8, (2, 2, 56): 3, (3, 2, 54): 8, (0, 2, 54): 8, (3, 0, 57): 8, (3, 1, 57): 8, (0, 0, 57): 7, (3, 0, 52): 3}]"
