mean_optimal_obj,mean_iter_num,mean_same_num,mean_insert_weight,mean_remove_weight,mean_init_obj,mean_All_Time,obj_std,best_obj,worst_obj,mean_improvement,init_obj_std,init_best_obj,init_worst_obj,obj_list,init_obj_list
1.9874032373631134,1653.8,1001.0,"[6.740943769489874, 6.696188134271813, 7.109723291053032, 7.101236528995623, 7.75036359226071, 7.4145983443159125]","[7.705314381279574, 6.942862671958856, 6.736687518553765, 6.822712316343387, 7.548823862931696]",0.9797297297297296,1172.358174085617,0.0844157584047444,2.0689655172413794,1.853932584269663,1.0285219250326953,1.1102230246251565e-16,0.9797297297297297,0.9797297297297297,[1.92307692 1.85393258 2.03389831 2.05714286 2.06896552],[0.97972973 0.97972973 0.97972973 0.97972973 0.97972973]
