mean_optimal_obj,mean_iter_num,mean_same_num,mean_insert_weight,mean_remove_weight,mean_init_obj,mean_All_Time,obj_std,best_obj,worst_obj,mean_improvement,init_obj_std,init_best_obj,init_worst_obj,obj_list,init_obj_list,solution
2.989890246622526,1757.0,1001.0,"[7.252065835660787, 7.024177430842241, 7.4567066058083045, 7.4101283486634655, 8.899318146154048, 8.095092228154844]","[8.51765691337901, 7.089486101587032, 7.695814026465131, 6.865391712724586, 8.266721506551773]",1.1129032258064515,3596.8722480297088,0.11227166503372284,3.160377358490566,2.81651376146789,1.6865680476898062,0.0,1.1129032258064515,1.1129032258064515,[2.81651376 3.16037736 3.02970297 2.94285714 3.        ],[1.11290323 1.11290323 1.11290323 1.11290323 1.11290323],"[[[[0, 69, 55, 68, 101], [0, 92, 94, 96, 101], [0, 61, 70, 101], [0, 80, 91, 56, 66, 101]], array([[list([[0, 2, 101]]), list([[0, 2, 101]]), list([[0, 2, 101]])],
       [list([[0, 2, 101]]), list([[0, 41, 101]]), list([[0, 10, 101]])],
       [list([[0, 10, 101]]), list([[0, 10, 101]]), list([[0, 72, 101]])],
       [list([[0, 10, 101]]), list([[0, 41, 101]]), list([[0, 41, 101]])]],
      dtype=object)], {(3, 1, 41): 8, (1, 1, 41): 8, (3, 2, 41): 4, (0, 0, 2): 8, (0, 1, 2): 8, (0, 2, 2): 8, (1, 0, 2): 6, (3, 0, 10): 8, (1, 2, 10): 8, (2, 0, 10): 8, (2, 1, 10): 6, (2, 2, 72): 8}]"
