mean_optimal_obj,mean_iter_num,mean_same_num,mean_insert_weight,mean_remove_weight,mean_init_obj,mean_All_Time,obj_std,best_obj,worst_obj,mean_improvement,init_obj_std,init_best_obj,init_worst_obj,obj_list,init_obj_list,solution
2.0903817833473726,2060.8,1001.0,"[7.134628845090077, 7.106180593001565, 7.36543851456982, 7.345879266636146, 9.070710452019167, 8.369729390392134]","[8.39465192220062, 7.194315212698767, 7.801080090048823, 7.1523330148100825, 8.268809713750466]",1.1111111111111112,1722.831553220749,0.04744702040531811,2.16969696969697,2.040462427745665,0.8813436050126352,0.0,1.1111111111111112,1.1111111111111112,[2.04046243 2.16969697 2.05031447 2.0755814  2.11585366],[1.11111111 1.11111111 1.11111111 1.11111111 1.11111111],"[[[[0, 55, 46, 4, 61], [0, 57, 24, 22, 61], [0, 6, 2, 61], [0, 53, 12, 11, 61]], array([[list([[0, 1, 4], [4, 7, 61]]), list([[0, 41, 61]]),
        list([[0, 41, 61]])],
       [list([[0, 41, 61]]), list([]), list([[0, 52, 61]])],
       [list([[0, 10, 61]]), list([[0, 1, 2], [2, 7, 61]]),
        list([[0, 1, 2], [2, 7, 61]])],
       [list([[0, 10, 12]]), list([[0, 10, 12]]), list([[0, 10, 12]])]],
      dtype=object)], {(1, 2, 52): 3, (3, 0, 10): 8, (3, 1, 10): 8, (3, 2, 10): 8, (2, 0, 10): 6, (2, 1, 1): 8, (2, 2, 1): 8, (0, 0, 1): 4, (0, 1, 41): 8, (0, 2, 41): 8, (1, 0, 41): 4, (2, 1, 7): 8, (2, 2, 7): 8, (0, 0, 7): 4}]"
