Mean_Obj,Obj_std,Best_Obj,Mean_iter_num,Mean_same_num,Mean_insert_weight,Mean_remove_weight,Mean_init_obj,Mean_Time
1.002716887928373,0.014412971895532962,1.0126582278481013,15678.2,10001.0,"[6.9448897485767755, 6.928832262122732, 6.448478865416645, 6.323187571210367, 7.568936363240814, 7.553979189410572]","[7.0763654002460665, 6.980760539417666, 6.877793548308569, 6.851602265935933, 7.1289417436253]",0.7954545454545454,38.936117553710936
